City,Cloudiness (%),Humidity (%),Temperature (F),Wind Speed (mph),Latitude,Longitude,Country,Date
Zabul Province,0,76,34.56,2.44,32.25,67.25,AF,1604110985
Horta,100,92,68.83,16.55,38.53,-28.63,PT,1604110985
Totness,42,84,81.3,13.24,5.88,-56.32,SR,1604110986
Jamestown,90,86,36.0,9.17,42.1,-79.24,US,1604110986
Hithadhoo,100,73,83.64,9.42,-0.6,73.08,MV,1604110951
Syracuse,0,100,59.0,4.7,37.09,15.28,IT,1604110986
Ushuaia,75,71,50.0,18.34,-54.8,-68.3,AR,1604110887
Saint Anthony,1,60,39.99,8.05,45.02,-93.22,US,1604110987
Calvinia,0,46,52.39,8.57,-31.47,19.78,ZA,1604110987
Yellowknife,75,85,14.0,9.17,62.46,-114.35,CA,1604110987
Rikitea,0,63,76.17,0.6,-23.12,-134.97,PF,1604110987
Palafrugell,90,100,52.0,2.59,41.92,3.16,ES,1604110987
Asău,100,97,42.01,4.18,46.43,26.4,RO,1604110988
Chul'man,65,94,16.11,1.59,56.85,124.91,RU,1604110988
Maceió,75,94,75.2,4.7,-9.67,-35.74,BR,1604110988
Albany,94,99,30.99,3.04,42.6,-73.97,US,1604110841
Chauk,79,83,77.56,2.59,20.88,94.82,MM,1604110988
Ponta do Sol,20,63,66.2,12.75,32.67,-17.1,PT,1604110988
Fortuna,1,87,54.0,8.05,40.6,-124.16,US,1604110981
Miles City,1,43,55.4,9.17,46.41,-105.84,US,1604110989
Vanavara,91,95,7.72,3.94,60.34,102.28,RU,1604110989
Mount Gambier,90,76,55.4,16.11,-37.83,140.77,AU,1604110989
Zhigansk,95,89,-10.89,0.65,66.77,123.37,RU,1604110989
Puerto Ayora,82,92,70.0,5.01,-0.74,-90.35,EC,1604110990
Price,1,41,42.8,5.82,39.6,-110.81,US,1604110990
Chui,98,87,53.38,5.61,-33.7,-53.46,UY,1604110990
Ambon City,63,69,84.51,9.66,-3.7,128.18,ID,1604110910
Verāval,0,54,78.13,7.67,20.9,70.37,IN,1604110990
Tuktoyaktuk,75,84,5.0,11.41,69.45,-133.04,CA,1604110990
Lakes Entrance,16,69,66.99,8.01,-37.88,147.98,AU,1604110990
Zyryanka,100,93,6.39,2.1,65.75,150.85,RU,1604110990
Port Lincoln,64,70,60.51,11.86,-34.73,135.87,AU,1604110991
Bengkulu,95,71,82.2,1.39,-3.8,102.27,ID,1604110872
Toba,0,58,59.0,4.0,34.48,136.85,JP,1604110991
Stroitel',90,93,44.6,6.71,50.79,36.48,RU,1604110992
Narsaq,93,79,23.0,3.36,60.92,-46.05,GL,1604110992
Mataura,100,93,53.01,15.99,-46.19,168.86,NZ,1604110992
Sorong,100,69,86.67,11.99,-0.88,131.25,ID,1604110992
Pincher Creek,96,48,46.4,13.87,49.48,-113.95,CA,1604110993
Hilo,90,69,82.4,5.82,19.73,-155.09,US,1604110993
Punta Arenas,75,66,50.0,10.29,-53.15,-70.92,CL,1604110720
Busselton,100,43,75.99,10.2,-33.65,115.33,AU,1604110993
Hirtshals,1,96,46.99,16.49,57.59,9.96,DK,1604110993
Vaini,40,74,78.8,9.17,-21.2,-175.2,TO,1604110993
Lompoc,1,87,57.99,4.7,34.64,-120.46,US,1604110993
Usoke,49,57,68.83,7.29,-5.17,32.35,TZ,1604110993
Hong Kong,55,62,75.0,1.99,22.29,114.16,HK,1604110959
Bluff,100,93,53.01,15.99,-46.6,168.33,NZ,1604110994
Omsukchan,82,92,16.32,5.79,62.53,155.8,RU,1604110994
Lianzhou,68,71,70.77,3.09,24.78,112.38,CN,1604110994
Kavaratti,18,70,82.45,8.63,10.57,72.64,IN,1604110994
Srednekolymsk,100,92,6.39,1.28,67.45,153.68,RU,1604110994
Saint-François,90,100,41.0,3.6,46.42,3.91,FR,1604110995
Atar,54,17,82.31,7.38,20.52,-13.05,MR,1604110995
Sukhobezvodnoye,93,93,37.47,2.98,57.05,44.89,RU,1604110995
Puerto Escondido,75,50,77.0,6.93,15.85,-97.07,MX,1604110995
East London,100,68,62.42,1.59,-33.02,27.91,ZA,1604110995
Hermanus,0,94,44.01,11.86,-34.42,19.23,ZA,1604110995
Bereda,75,87,60.8,14.99,43.27,-7.54,ES,1604110995
Carnarvon,88,65,77.0,10.89,-24.87,113.63,AU,1604110995
Pingliang,0,49,46.96,7.29,35.54,106.69,CN,1604110996
Paita,99,88,63.0,11.83,-5.09,-81.11,PE,1604110996
Saint-Philippe,75,72,64.4,9.17,-21.36,55.77,RE,1604110996
Boende,60,96,67.6,1.66,-0.22,20.87,CD,1604110996
Saint Paul Harbor,90,59,33.8,8.05,57.79,-152.41,US,1604110996
Nikolskoye,90,93,45.0,6.71,59.7,30.79,RU,1604110997
Marabu,40,74,86.0,5.82,4.41,114.01,MY,1604110997
Warri,5,96,75.49,2.3,5.52,5.75,NG,1604110997
Bilma,0,25,69.89,12.62,18.69,12.92,NE,1604110997
Mercedes,0,90,53.01,6.17,-34.65,-59.43,AR,1604110997
Tual,4,70,83.93,11.21,-5.67,132.75,ID,1604110997
Taman',94,87,53.6,2.24,45.21,36.72,RU,1604110987
Saint George,1,18,64.4,6.93,37.1,-113.58,US,1604110708
Tarko-Sale,100,99,29.66,14.65,64.92,77.78,RU,1604110999
Souillac,20,56,68.0,12.75,-20.52,57.52,MU,1604110999
Kapaa,75,65,82.4,5.82,22.08,-159.32,US,1604110720
Ratnagiri,0,60,76.33,4.83,16.98,73.3,IN,1604110999
Broome,90,79,30.0,3.36,42.25,-75.83,US,1604110999
Naze,75,57,78.8,23.04,28.37,129.48,JP,1604110999
Whitefish,90,61,46.4,8.05,48.41,-114.34,US,1604110919
Lagoa,100,95,67.71,14.56,39.05,-27.98,PT,1604110999
Jvara,0,66,53.6,2.39,41.53,44.35,GE,1604111000
Saldanha,0,76,50.0,9.17,-33.01,17.94,ZA,1604111000
Faanui,7,79,78.8,16.73,-16.48,-151.75,PF,1604111000
Pevek,100,97,20.73,6.33,69.7,170.31,RU,1604111000
Arraial do Cabo,100,87,70.39,32.53,-22.97,-42.03,BR,1604111000
Qaanaaq,96,90,13.86,5.66,77.48,-69.36,GL,1604111000
Great Falls,1,36,50.0,27.51,47.5,-111.3,US,1604111001
Atuona,53,74,77.99,11.43,-9.8,-139.03,PF,1604111001
Cape Town,0,62,57.0,18.34,-33.93,18.42,ZA,1604110773
San Patricio,20,66,63.0,6.93,28.02,-97.52,US,1604111001
Polyarny,40,100,24.8,2.24,69.2,33.45,RU,1604111001
Yelkhovka,40,74,37.4,6.71,53.87,50.28,RU,1604110920
Hofn,0,75,45.68,24.96,64.25,-15.21,IS,1604111001
Nome,1,68,24.8,6.93,64.5,-165.41,US,1604111002
Grindavik,75,86,41.0,21.92,63.84,-22.43,IS,1604111002
Severo-Kuril'sk,100,92,40.26,37.42,50.68,156.12,RU,1604111002
Labuhan,89,69,82.9,4.27,-6.88,112.21,ID,1604111002
Panjāb,0,70,16.7,1.28,34.39,67.02,AF,1604111002
Kruisfontein,0,94,48.0,2.17,-34.0,24.73,ZA,1604111002
Matara,100,78,79.9,6.6,5.95,80.54,LK,1604111002
Taoudenni,76,24,74.01,11.39,22.68,-3.98,ML,1604111003
Haines Junction,100,72,17.6,1.12,60.75,-137.51,CA,1604111003
Waitati,86,85,55.99,28.99,-45.75,170.57,NZ,1604111003
Touros,40,88,77.0,4.7,-5.2,-35.46,BR,1604111004
Cidreira,63,69,62.98,9.6,-30.18,-50.21,BR,1604111004
Butaritari,90,75,82.62,19.57,3.07,172.79,KI,1604111004
Hobart,40,51,71.01,11.41,-42.88,147.33,AU,1604110911
Yar-Sale,100,97,34.32,16.13,66.83,70.83,RU,1604111004
Tiksi,100,95,7.36,4.36,71.69,128.87,RU,1604111005
Nizhnevartovsk,90,100,33.8,6.71,60.93,76.55,RU,1604110827
Ilulissat,94,73,19.4,2.24,69.22,-51.1,GL,1604111005
Kawalu,67,69,82.63,2.48,-7.38,108.21,ID,1604111005
Bouna,0,52,74.68,2.04,9.27,-3.0,CI,1604111005
Airai,0,43,78.98,2.84,-8.93,125.41,TL,1604111005
Krasnoshchekovo,96,97,30.02,4.27,51.67,82.73,RU,1604111006
George Town,20,83,84.2,4.7,5.41,100.34,MY,1604110856
San Policarpo,100,80,83.21,14.2,12.18,125.51,PH,1604111006
Ovsyanka,75,92,26.6,2.24,55.96,92.55,RU,1604111006
Poum,100,75,79.09,21.14,-20.23,164.02,NC,1604111006
Lebu,2,90,51.46,12.97,-37.62,-73.65,CL,1604111006
Warrnambool,100,71,62.01,1.01,-38.38,142.48,AU,1604111006
Aksu,33,62,41.72,1.86,41.12,80.26,CN,1604111007
Upernavik,99,96,19.62,3.83,72.79,-56.15,GL,1604111007
Avarua,93,78,75.2,14.99,-21.21,-159.78,CK,1604110915
Sistranda,75,87,46.4,9.17,63.73,8.83,NO,1604111007
Saurimo,100,97,64.18,3.2,-9.66,20.39,AO,1604111008
Ketchikan,90,75,44.6,6.93,55.34,-131.65,US,1604110711
Acapulco de Juárez,75,94,80.6,4.7,16.86,-99.89,MX,1604111008
Vardø,31,87,34.21,8.1,70.37,31.11,NO,1604111008
Bredasdorp,25,81,48.2,2.51,-34.53,20.04,ZA,1604111008
Havre-St-Pierre,1,73,21.2,4.7,50.23,-63.6,CA,1604111008
Cherskiy,100,91,7.38,5.1,68.75,161.3,RU,1604111008
Tasiilaq,100,80,33.8,56.37,65.61,-37.64,GL,1604111009
Bilibino,84,90,7.03,1.28,68.05,166.44,RU,1604111009
Maragogi,100,87,76.62,9.78,-9.01,-35.22,BR,1604111009
Tessalit,64,19,75.15,11.7,20.2,1.01,ML,1604111009
Port Elizabeth,20,87,53.6,2.24,-33.92,25.57,ZA,1604111009
Hasaki,20,45,64.0,16.11,35.73,140.83,JP,1604111009
Auki,97,77,83.14,4.07,-8.77,160.7,SB,1604111009
New Norfolk,15,37,71.01,3.0,-42.78,147.06,AU,1604111010
Mattawa,1,46,50.0,26.66,46.74,-119.9,US,1604111010
Chowchilla,1,51,68.0,5.55,37.12,-120.26,US,1604110894
Pisco,90,82,64.4,2.24,-13.7,-76.22,PE,1604111010
Qaqortoq,90,79,23.0,3.36,60.72,-46.03,GL,1604111010
Jaen,61,65,62.01,3.0,38.0,-3.5,ES,1604111010
Lambakin,40,58,89.01,10.29,14.75,120.87,PH,1604111010
Nouakchott,0,78,73.4,18.34,18.09,-15.98,MR,1604111010
Red Bluff,1,29,68.0,4.7,40.18,-122.24,US,1604111011
Awjilah,60,72,61.68,10.04,29.11,21.29,LY,1604111011
Chiavari,0,94,57.0,3.83,44.32,9.32,IT,1604111011
Hualmay,100,84,62.67,5.23,-11.1,-77.61,PE,1604111011
Barrow,1,84,8.6,10.29,71.29,-156.79,US,1604111011
Kiruna,0,85,21.2,11.41,67.86,20.23,SE,1604111011
Port Alfred,87,65,59.92,3.8,-33.59,26.89,ZA,1604111011
Rio Formoso,40,78,80.6,9.17,-8.66,-35.16,BR,1604111011
Dikson,95,96,14.23,27.31,73.51,80.55,RU,1604111012
Santa Fe,0,62,60.01,6.6,-31.63,-60.7,AR,1604111012
Neyshabur,0,45,46.42,0.74,36.21,58.8,IR,1604111012
Road Town,96,84,82.99,18.01,18.42,-64.62,VG,1604111012
Arman',100,98,31.95,11.61,59.7,150.17,RU,1604111012
Batticaloa,100,80,79.63,7.87,7.71,81.69,LK,1604111012
Chokurdakh,100,96,10.09,7.65,70.63,147.92,RU,1604111013
Darhan,80,92,31.19,2.44,49.49,105.92,MN,1604111013
Goderich,98,74,33.8,3.36,43.75,-81.72,CA,1604111013
Umba,0,95,31.55,5.88,66.69,34.34,RU,1604111013
Westport,1,80,35.6,5.82,41.14,-73.36,US,1604111013
Saint-Joseph,75,72,64.4,9.17,-21.37,55.62,RE,1604111013
College,90,78,12.2,5.82,64.86,-147.8,US,1604111014
Bambous Virieux,20,56,68.0,12.75,-20.34,57.76,MU,1604111014
Svarstad,100,1,41.0,4.68,59.4,9.97,NO,1604111014
Praia,75,73,77.0,18.34,14.92,-23.51,CV,1604111014
Bergen,40,93,45.0,9.17,60.39,5.33,NO,1604111014
Meulaboh,100,74,81.48,3.06,4.14,96.13,ID,1604111014
Belmonte,0,83,77.0,8.05,-15.86,-38.88,BR,1604111014
San Isidro,90,77,64.4,12.75,-12.12,-77.05,PE,1604111015
Andapa,89,89,61.21,2.91,-14.65,49.65,MG,1604111015
Kavieng,100,74,83.23,7.43,-2.57,150.8,PG,1604111015
Yeppoon,40,43,89.6,14.99,-23.13,150.73,AU,1604111015
Berlevåg,49,93,31.48,8.25,70.86,29.09,NO,1604111015
Barranca,100,86,61.65,5.7,-10.75,-77.77,PE,1604111015
High Level,90,100,26.6,6.93,58.52,-117.14,CA,1604111015
Huautla,0,83,58.3,1.57,21.03,-98.28,MX,1604111015
Mahébourg,20,56,68.0,12.75,-20.41,57.7,MU,1604111016
Isangel,75,78,80.6,6.93,-19.55,169.27,VU,1604111016
Chapais,1,92,12.2,5.82,49.78,-74.85,CA,1604111016
Viedma,3,33,58.53,5.7,-40.81,-63.0,AR,1604111016
Iralaya,100,86,80.08,7.29,15.0,-83.23,HN,1604111016
Antofagasta,90,77,59.0,10.29,-23.65,-70.4,CL,1604111016
São Filipe,100,59,81.12,15.55,14.9,-24.5,CV,1604110722
Banda Aceh,99,67,83.7,7.05,5.56,95.32,ID,1604111016
Port Hardy,20,100,48.2,5.82,50.7,-127.42,CA,1604111017
Bathsheba,40,78,82.4,24.16,13.22,-59.52,BB,1604111017
Itoman,75,61,80.6,18.34,26.12,127.67,JP,1604111017
Husavik,75,75,42.8,18.34,66.04,-17.34,IS,1604111017
The Valley,75,78,82.4,11.41,18.22,-63.06,AI,1604111017
Cajamarca,100,58,53.46,1.28,-7.16,-78.5,PE,1604111017
Cayenne,40,94,80.6,11.43,4.93,-52.33,GF,1604111018
Beloha,0,73,62.01,9.24,-25.17,45.05,MG,1604111018
Peniche,0,91,61.0,0.87,39.36,-9.38,PT,1604111018
Tilichiki,88,96,30.58,2.01,60.47,166.1,RU,1604111018
Portland,15,76,54.0,6.96,45.52,-122.68,US,1604110768
Dakar,0,54,80.6,18.34,14.69,-17.44,SN,1604111018
Costa Rica,3,90,62.6,6.04,-23.42,-54.65,BR,1604110847
Vágur,20,74,48.7,24.49,61.47,-6.81,FO,1604111019
Castro,100,94,52.16,10.74,-24.79,-50.01,BR,1604111019
Vestmanna,24,81,48.2,18.34,62.16,-7.17,FO,1604111019
Monte Plata,97,91,80.01,3.0,18.81,-69.78,DO,1604111019
Kupang,44,51,90.36,4.97,-10.17,123.58,ID,1604110910
Cabo San Lucas,40,65,77.0,5.82,22.89,-109.91,MX,1604111020
Poção de Pedras,96,71,79.72,6.29,-4.67,-44.85,BR,1604111020
Kem',0,96,31.41,5.7,64.96,34.58,RU,1604111020
Ancud,0,76,53.01,8.05,-41.87,-73.82,CL,1604111018
Neftegorsk,100,76,42.3,7.76,52.8,51.17,RU,1604111020
Eureka,0,38,53.01,5.26,40.8,-124.16,US,1604111020
Ribeira Grande,100,93,68.95,16.02,38.52,-28.7,PT,1604111020
Suhaia,47,92,41.0,7.72,43.73,25.25,RO,1604111021
Ahipara,46,87,67.21,13.91,-35.17,173.17,NZ,1604111021
Praia da Vitória,40,94,69.8,10.4,38.73,-27.07,PT,1604111021
Avera,1,87,57.2,4.7,33.19,-82.53,US,1604111021
Yerbogachën,100,93,10.6,6.91,61.28,108.01,RU,1604111022
Hamilton,1,86,39.99,4.32,39.18,-84.53,US,1604110934
Isla Mujeres,90,94,75.2,4.7,21.23,-86.73,MX,1604111022
Klaksvík,13,81,48.2,18.34,62.23,-6.59,FO,1604111022
Lahr,0,93,46.99,2.24,48.35,7.87,DE,1604111022
Novikovo,100,93,48.13,5.39,51.15,37.89,RU,1604111022
Tazovsky,100,98,22.23,17.72,67.47,78.7,RU,1604111023
Hay River,100,79,21.2,3.36,60.82,-115.8,CA,1604111023
Leningradskiy,74,94,19.15,17.52,69.38,178.42,RU,1604111023
Fallon,1,14,57.99,5.82,39.47,-118.78,US,1604111023
Mar del Plata,0,81,54.0,4.7,-38.0,-57.56,AR,1604110888
San Jose,40,67,64.99,9.17,37.34,-121.89,US,1604110983
São João da Barra,100,97,73.15,6.22,-21.64,-41.05,BR,1604111023
Yulara,0,15,77.0,11.41,-25.24,130.99,AU,1604111024
Bethel,23,94,32.0,2.98,41.37,-73.41,US,1604110773
Provideniya,23,85,23.23,7.23,64.38,-173.3,RU,1604111024
Jumla,2,38,51.85,5.23,29.27,82.18,NP,1604111024
Los Llanos de Aridane,0,68,69.8,5.82,28.66,-17.92,ES,1604111024
Gumdag,0,39,51.76,16.06,39.21,54.59,TM,1604111024
Longyearbyen,20,72,17.6,3.36,78.22,15.64,SJ,1604111024
Pecos,1,33,62.6,10.29,31.42,-103.49,US,1604111025
Prince Rupert,90,81,46.4,9.17,54.32,-130.32,CA,1604110743
Norman Wells,75,92,12.2,5.82,65.28,-126.83,CA,1604111026
Kargasok,100,98,32.38,5.84,59.06,80.86,RU,1604111026
Nhulunbuy,0,52,89.6,11.41,-12.23,136.77,AU,1604111026
Sitka,90,81,46.4,17.22,57.05,-135.33,US,1604111026
Buchanan,97,88,77.5,7.63,5.88,-10.05,LR,1604111026
Khatanga,0,85,-10.46,6.29,71.97,102.5,RU,1604111026
Port Macquarie,3,50,82.0,1.01,-31.43,152.92,AU,1604110879
Verkhnyaya Inta,100,96,36.77,16.06,65.98,60.31,RU,1604111027
Zhigalovo,100,94,25.32,2.68,54.81,105.16,RU,1604111027
Geraldton,90,64,73.4,12.75,-28.77,114.6,AU,1604111027
Paciran,96,72,81.63,3.76,-6.88,112.38,ID,1604111027
Burns Lake,94,74,33.8,5.82,54.23,-125.75,CA,1604111027
Kharovsk,100,96,40.59,3.18,59.96,40.19,RU,1604111027
Banjar,100,81,77.54,4.45,-8.19,114.97,ID,1604111028
Deputatsky,100,95,2.71,2.04,69.3,139.9,RU,1604111028
Luanda,75,88,77.0,3.36,-8.84,13.23,AO,1604110917
Misratah,100,66,70.05,12.66,32.38,15.09,LY,1604111028
Calvià,0,93,55.99,3.36,39.57,2.51,ES,1604111028
Akureyri,75,75,42.8,18.34,65.68,-18.09,IS,1604111028
Powell River,20,70,48.2,4.7,49.85,-124.54,CA,1604111028
Marawi,55,83,82.0,8.01,8.0,124.29,PH,1604111028
Rørvik,100,84,45.37,18.03,64.86,11.24,NO,1604111029
Bandarbeyla,85,82,76.17,8.61,9.49,50.81,SO,1604111029
Olafsvik,73,85,39.36,10.42,64.89,-23.71,IS,1604111030
Independência,45,51,79.05,8.7,-5.4,-40.31,BR,1604111030
Dunedin,100,84,55.99,19.19,-45.87,170.5,NZ,1604110755
Mentakab,70,72,84.76,1.25,3.49,102.35,MY,1604111030
Katsuura,20,44,64.0,6.93,35.13,140.3,JP,1604111030
Aromashevo,56,95,29.35,9.51,56.86,68.64,RU,1604111030
Tsimmerbude,75,93,46.0,4.47,54.67,20.13,RU,1604110457
Kumul,0,62,39.96,6.2,42.8,93.45,CN,1604110458
Denpasar,100,88,76.5,3.02,-8.65,115.22,ID,1604110458
Manokwari,99,73,84.36,5.44,-0.87,134.08,ID,1604110458
Sechura,99,80,64.8,13.69,-5.56,-80.82,PE,1604110458
Vila Velha,90,94,75.2,5.82,-20.33,-40.29,BR,1604110458
Zemio,90,95,68.41,1.3,5.03,25.14,CF,1604110458
Kahului,20,45,87.8,24.16,20.89,-156.47,US,1604110458
Port Hedland,0,33,89.6,5.82,-20.32,118.57,AU,1604110459
Guymon,1,71,53.6,8.05,36.68,-101.48,US,1604110459
Ust'-Koksa,63,89,21.0,1.5,50.27,85.61,RU,1604110459
Algiers,20,93,48.2,3.38,36.75,3.04,DZ,1604110459
Ngunguru,22,81,69.08,15.1,-35.62,174.5,NZ,1604110459
Nicoya,75,100,75.2,3.36,10.15,-85.45,CR,1604110459
Kotelnikowo,87,91,55.13,11.1,47.63,43.15,RU,1604110460
Natal,40,78,78.8,9.17,-5.79,-35.21,BR,1604110199
Kamaishi,20,76,51.8,3.36,39.27,141.88,JP,1604110164
Lodeynoye Pole,100,88,44.29,3.04,60.73,33.55,RU,1604110460
Gizo Government Station,70,65,85.14,4.38,-8.1,156.84,SB,1604110249
Ishigaki,20,57,78.8,19.46,24.34,124.16,JP,1604110460
Kindu,100,97,69.12,0.94,-2.95,25.95,CD,1604110460
Jiaozuo,95,42,67.78,11.39,35.24,113.23,CN,1604110461
Tiznit Province,0,25,68.32,4.38,29.58,-9.5,MA,1604110461
Nanortalik,87,92,26.74,8.99,60.14,-45.24,GL,1604110461
Ponta Delgada,75,94,69.8,17.22,37.73,-25.67,PT,1604110461
Acajutla,25,93,73.0,2.35,13.59,-89.83,SV,1604110462
Svetlaya,86,58,44.8,2.89,46.54,138.33,RU,1604110296
Utiel,20,100,55.0,3.36,39.57,-1.2,ES,1604110462
Bud,1,77,37.99,3.0,39.45,-86.18,US,1604110343
Sicuani,90,40,56.1,2.93,-14.27,-71.23,PE,1604110462
Amapá,100,72,76.24,4.74,1.0,-52.0,BR,1604110462
Grootfontein,97,56,70.65,8.7,-19.57,18.12,NA,1604110462
Pilikwe,1,58,67.68,17.74,-22.8,27.19,BW,1604110463
Saravan,75,46,53.6,9.17,39.72,45.65,AM,1604110463
Kaitangata,100,88,57.99,17.0,-46.28,169.85,NZ,1604110264
Duluth,1,69,36.0,8.05,46.78,-92.11,US,1604110446
Ambilobe,24,71,69.06,6.71,-13.2,49.05,MG,1604110463
Jiblah,0,62,56.95,2.35,13.92,44.15,YE,1604110463
Durango,75,47,55.45,2.48,24.83,-104.83,MX,1604110424
Ipu,41,66,76.86,5.41,-4.32,-40.71,BR,1604110333
Sinazongwe,0,42,76.46,4.38,-17.26,27.46,ZM,1604110464
Ust-Nera,27,84,-0.96,2.8,64.57,143.2,RU,1604110464
Dubbo,90,67,60.8,9.17,-32.25,148.62,AU,1604110319
Gorom-Gorom,0,16,82.06,7.2,14.44,-0.24,BF,1604110464
Petropavlovsk-Kamchatskiy,75,52,44.6,13.42,53.05,158.65,RU,1604110398
Camacupa,99,94,62.92,2.64,-12.02,17.48,AO,1604110464
Atherton,100,87,55.0,5.01,53.52,-2.49,GB,1604110169
Najrān,0,30,59.0,1.77,17.49,44.13,SA,1604110465
Bodden Town,20,79,84.2,4.7,19.28,-81.25,KY,1604110465
Dingle,100,79,83.64,11.27,11.0,122.67,PH,1604110465
Palana,19,89,33.31,3.62,59.12,159.97,RU,1604110465
Baker City,1,37,55.4,16.11,44.77,-117.83,US,1604110465
Macaé,90,100,71.6,9.17,-22.37,-41.79,BR,1604110465
Sørland,100,87,44.2,34.25,67.67,12.69,NO,1604110465
Taltal,2,68,58.19,4.92,-25.4,-70.48,CL,1604110466
Banjarmasin,100,66,88.16,1.61,-3.32,114.59,ID,1604110466
Port Moresby,40,59,89.6,9.17,-9.44,147.18,PG,1604110298
Ixtapa,90,78,82.4,4.7,20.7,-105.2,MX,1604110466
Hanover,75,100,57.99,10.29,52.37,9.73,DE,1604110404
Newport,99,98,57.99,5.01,51.59,-3.0,GB,1604110466
‘Ewa Beach,1,58,86.0,14.99,21.32,-158.01,US,1604110466
Salalah,0,40,73.4,5.82,17.02,54.09,OM,1604110467
Puerto Palomas,1,36,60.8,1.12,31.77,-107.62,MX,1604110467
Iqaluit,90,78,15.8,8.05,63.75,-68.51,CA,1604110467
Miraflores,75,45,64.4,11.41,19.22,-98.81,MX,1604110467
Hampton,1,66,55.99,12.75,37.03,-76.35,US,1604110294
Kilinochchi,100,77,80.62,1.54,9.4,80.4,LK,1604110467
Torquay,100,97,57.99,8.99,50.46,-3.51,GB,1604110467
Lavrentiya,0,88,21.51,9.78,65.58,-171.0,RU,1604110468
Davila,20,66,84.2,16.11,18.47,120.58,PH,1604110306
Tura,90,80,76.78,2.66,25.52,90.22,IN,1604110468
Kamenka,100,86,47.52,7.34,51.32,42.77,RU,1604110468
Caravelas,35,84,75.72,7.43,-17.71,-39.25,BR,1604110468
Artyom,40,93,55.4,7.07,40.47,50.33,AZ,1604110468
Laguna,1,45,66.0,0.87,38.42,-121.42,US,1604110468
Khorixas,94,59,69.93,0.51,-20.37,14.97,NA,1604110468
Khandyga,38,84,0.07,3.2,62.67,135.6,RU,1604110469
Yasnyy,99,70,38.5,8.99,51.03,59.87,RU,1604110469
Oberá,15,62,62.01,6.93,-27.49,-55.12,AR,1604110273
Guerrero Negro,27,50,68.88,9.95,27.98,-114.06,MX,1604110469
Koslan,100,86,35.24,8.41,63.46,48.9,RU,1604110469
Saskylakh,5,82,-2.56,6.11,71.92,114.08,RU,1604110469
Sobolevo,100,96,46.42,2.71,54.43,31.9,RU,1604110470
Batagay,99,90,-1.89,1.97,67.63,134.63,RU,1604110470
Chazuta,100,85,74.88,1.59,-6.57,-76.14,PE,1604110470
Kati,0,34,74.1,0.78,12.74,-8.07,ML,1604110470
Timberlake,1,61,48.2,3.36,37.32,-79.26,US,1604110470
Riviere-au-Renard,75,68,28.4,6.93,49.0,-64.4,CA,1604110470
Fairbanks,90,85,12.2,3.36,64.84,-147.72,US,1604110470
Santa Cruz de la Sierra,20,38,77.0,14.99,-17.8,-63.17,BO,1604110470
Thompson,90,72,17.6,6.93,55.74,-97.86,CA,1604110471
Corrales,26,55,53.01,1.01,35.24,-106.61,US,1604110471
Lüderitz,100,59,59.2,26.8,-26.65,15.16,NA,1604110471
Rome,1,74,28.4,4.05,43.21,-75.46,US,1604110471
Trimbak,0,67,64.85,5.79,19.93,73.55,IN,1604110471
Maţāy,0,78,67.03,16.96,28.42,30.78,EG,1604110471
Malbork,0,100,41.0,1.12,54.04,19.03,PL,1604110176
Saint-Augustin,0,85,27.05,10.6,51.23,-58.65,CA,1604110472
Pitimbu,20,88,77.0,6.93,-7.47,-34.81,BR,1604110472
Camacha,20,82,66.2,4.7,33.08,-16.33,PT,1604110472
Sinjār,0,30,58.28,1.68,36.32,41.88,IQ,1604110472
Korla,27,66,39.0,5.01,41.76,86.15,CN,1604110472
Cockburn Town,100,80,83.5,19.22,21.46,-71.14,TC,1604110472
Kiama,69,92,66.0,3.0,-34.68,150.87,AU,1604110472
Tromsø,0,68,28.4,35.57,69.65,18.96,NO,1604110416
Uddevalla,98,93,51.01,11.41,58.35,11.94,SE,1604110473
Along,34,46,71.38,1.72,28.17,94.77,IN,1604110473
Samarai,100,74,82.62,7.78,-10.62,150.67,PG,1604110473
Pastos Bons,51,69,78.22,0.98,-6.6,-44.08,BR,1604110473
Ihosy,30,86,56.1,9.78,-22.4,46.12,MG,1604110473
Nyanza,75,100,60.8,2.24,-2.35,29.75,RW,1604110474
Diego de Almagro,0,39,55.15,1.92,-26.37,-70.05,CL,1604110474
Codrington,100,77,56.5,12.53,-38.27,141.97,AU,1604110474
Evensk,3,89,24.98,3.15,61.95,159.23,RU,1604110474
Hammerfest,0,63,30.2,28.86,70.66,23.68,NO,1604110474
Menongue,100,82,65.64,5.28,-14.66,17.69,AO,1604110474
Lumphat,0,74,82.65,6.89,13.49,106.98,KH,1604110474
Arlit,0,20,74.53,11.95,18.74,7.39,NE,1604110254
Bara,0,34,72.9,3.47,10.37,10.73,NG,1604110475
Lengshuijiang,99,85,59.2,2.08,27.69,111.43,CN,1604110364
Albufeira,0,67,60.8,2.24,37.09,-8.25,PT,1604110475
Atambua,3,43,89.19,2.59,-9.11,124.89,ID,1604110475
Saint-Ambroise,8,79,25.0,2.24,48.55,-71.33,CA,1604110475
Mitsamiouli,88,79,77.88,9.55,-11.38,43.28,KM,1604110475
Gerāsh,0,44,57.2,1.19,27.67,54.14,IR,1604110475
Bariloche,0,30,55.4,6.93,-41.15,-71.31,AR,1604110253
Agia Marina,0,57,63.0,1.99,37.75,23.53,GR,1604110476
Sena Madureira,97,82,73.96,4.92,-9.07,-68.66,BR,1604110476
Necochea,0,72,51.01,8.01,-38.55,-58.74,AR,1604110400
Sovetskiy,99,96,30.29,9.28,61.36,63.58,RU,1604110476
Tuxpan,75,83,75.2,1.23,19.55,-103.4,MX,1604110476
Luocheng,100,72,63.1,3.56,29.38,104.03,CN,1604110476
Coyhaique,0,54,57.2,3.36,-45.58,-72.07,CL,1604110477
Okhotsk,100,85,21.63,12.41,59.38,143.3,RU,1604110477
Mehamn,32,95,30.6,9.6,71.04,27.85,NO,1604110477
São Miguel do Araguaia,94,63,79.23,1.92,-13.28,-50.16,BR,1604110477
Aasiaat,95,96,19.33,3.98,68.71,-52.87,GL,1604110268
Joshīmath,0,31,51.75,2.8,30.57,79.57,IN,1604110477
Buraidah,0,41,57.2,2.24,26.33,43.98,SA,1604110477
Clyde River,1,84,8.6,5.82,70.47,-68.59,CA,1604110478
Watsa,93,100,62.22,1.5,3.04,29.54,CD,1604110478
Torbay,90,64,34.0,11.41,47.67,-52.73,CA,1604110478
Alcúdia,0,93,55.99,4.7,39.85,3.12,ES,1604110478
Nambare,70,90,62.71,3.31,0.45,34.25,KE,1604110479
Tumut,100,84,58.57,5.26,-35.3,148.22,AU,1604110479
Nantucket,90,67,42.01,19.46,41.28,-70.1,US,1604110479
Pangnirtung,82,79,9.63,3.87,66.15,-65.71,CA,1604110244
Ushtobe,0,75,37.18,9.44,45.25,77.98,KZ,1604110480
Itarema,7,80,78.21,12.35,-2.92,-39.92,BR,1604110480
Abnūb,0,77,68.0,11.41,27.27,31.15,EG,1604110480
Launceston,40,67,69.01,13.87,-41.45,147.17,AU,1604110304
Valparaíso,90,93,53.6,1.12,-33.04,-71.63,CL,1604110350
Progreso,75,83,75.99,13.8,21.28,-89.67,MX,1604110480
Athens,0,61,63.0,3.0,37.98,23.72,GR,1604110319
Mossamedes,65,81,72.9,6.44,-15.2,12.15,AO,1604110479
Gamba,100,93,75.13,4.85,-2.65,10.0,GA,1604110481
Uryupinsk,100,93,50.2,5.48,50.8,42.01,RU,1604110481
Camaná,5,77,64.38,7.23,-16.62,-72.71,PE,1604110400
Synya,100,97,36.12,7.23,65.37,58.04,RU,1604110481
Ust-Kuyga,100,93,4.03,3.02,70.02,135.6,RU,1604110481
San Cristobal,99,91,68.25,1.48,7.77,-72.22,VE,1604110482
Torrington,0,95,30.0,3.0,41.8,-73.12,US,1604110482
Nishihara,40,50,80.01,13.87,26.18,127.76,JP,1604110482
Isla Vista,1,82,66.0,4.7,34.41,-119.86,US,1604110482
Lorengau,87,71,84.54,2.55,-2.02,147.27,PG,1604110269
Fremont,0,68,63.0,3.51,37.55,-121.99,US,1604110339
Kjøpsvik,50,51,35.6,14.99,68.1,16.37,NO,1604110482
Williams Lake,20,80,35.6,5.82,52.14,-122.14,CA,1604110483
Namatanai,99,68,84.87,3.67,-3.67,152.43,PG,1604110483
Kuril'sk,71,74,46.38,25.14,45.23,147.88,RU,1604110483
Wukari,53,77,74.25,3.44,7.85,9.78,NG,1604110483
Ulaanbaatar,40,85,19.4,2.24,47.91,106.88,MN,1604110483
Qandala,9,63,79.97,9.17,11.47,49.87,SO,1604110484
East Retford,90,93,53.01,3.36,53.32,-0.94,GB,1604110484
Kulhudhuffushi,0,68,81.9,4.54,6.62,73.07,MV,1604110388
Mandera,100,79,76.8,2.64,3.94,41.87,KE,1604110484
Numan,51,37,76.5,1.79,9.47,12.03,NG,1604110484
Batouri,59,97,67.03,2.04,4.43,14.37,CM,1604110484
Puerto del Rosario,0,83,71.6,9.17,28.5,-13.86,ES,1604110484
Ust'-Kut,100,94,23.67,3.04,56.79,105.77,RU,1604110484
Balabac,100,78,82.33,8.39,7.99,117.06,PH,1604110485
Kjøllefjord,69,92,32.63,9.53,70.95,27.35,NO,1604110485
Bathurst,52,57,63.0,5.01,-33.42,149.58,AU,1604110451
Broken Hill,90,77,59.0,17.22,-31.95,141.43,AU,1604110299
Palmer,1,100,27.0,1.59,42.16,-72.33,US,1604110485
Shebunino,57,59,48.18,10.71,46.43,141.86,RU,1604110485
Soyo,91,84,76.8,2.39,-6.13,12.37,AO,1604110485
Paamiut,71,84,26.46,17.36,61.99,-49.67,GL,1604110486
Taveta,57,78,67.1,1.19,-3.4,37.67,KE,1604110486
Puerto Colombia,20,88,78.8,3.36,10.99,-74.95,CO,1604110486
Khasan,100,64,51.96,9.78,42.43,130.64,RU,1604110284
Atlantis,0,70,57.0,9.69,-33.57,18.48,ZA,1604110486
Bubaque,34,74,83.97,10.54,11.28,-15.83,GW,1604110271
Port Augusta,90,72,60.8,17.22,-32.5,137.77,AU,1604110486
Vestmannaeyjar,58,80,46.2,22.73,63.44,-20.27,IS,1604110487
Port Shepstone,100,89,63.03,8.75,-30.74,30.45,ZA,1604110314
Talnakh,100,78,14.0,29.08,69.49,88.4,RU,1604110487
Shingū,20,44,60.8,3.36,33.73,135.98,JP,1604110236
Zheleznodorozhnyy,75,93,41.0,2.24,55.75,38.0,RU,1604110487
Januária,100,87,72.72,3.02,-15.48,-44.37,BR,1604110193
Capreol,5,62,21.2,3.36,46.71,-80.92,CA,1604110487
Okoneshnikovo,97,93,33.94,6.64,54.84,75.08,RU,1604110488
Lucapa,11,99,64.06,1.05,-8.42,20.74,AO,1604110488
Kopavogur,90,86,41.0,11.41,64.11,-21.91,IS,1604110488
San Quintín,100,77,64.58,5.97,30.48,-115.95,MX,1604110488
Shirokiy,100,72,38.41,14.41,49.76,129.52,RU,1604110488
Tezu,96,44,80.62,1.32,27.92,96.17,IN,1604110488
Safi,0,56,69.17,7.4,32.3,-9.24,MA,1604110488
North Bend,40,87,57.0,6.93,43.41,-124.22,US,1604110321
Antalaha,75,83,67.46,9.48,-14.9,50.28,MG,1604110489
Yamada,0,44,59.07,3.78,39.47,141.95,JP,1604110489
Jardim,82,84,68.59,3.96,-21.48,-56.14,BR,1604110489
Aldama,0,74,66.0,3.0,22.92,-98.07,MX,1604110489
Belize,69,88,75.0,1.97,17.25,-88.75,BZ,1604110489
Tongzi,100,84,61.93,3.15,28.78,105.09,CN,1604110489
Vanimo,100,60,84.85,4.09,-2.67,141.3,PG,1604110490
Khuzhir,100,82,30.52,7.9,53.19,107.34,RU,1604110327
Alice Springs,0,21,77.0,11.41,-23.7,133.88,AU,1604110490
Yumen,100,60,40.73,18.05,40.28,97.2,CN,1604110490
Biak,100,81,78.49,7.74,-0.91,122.88,ID,1604110321
Qui Nhon,59,86,80.19,12.73,13.77,109.23,VN,1604110490
Genhe,100,96,27.41,10.4,50.78,121.52,CN,1604110490
Marzuq,0,47,62.96,3.36,14.4,46.47,YE,1604110490
Margate,26,83,57.0,1.99,51.38,1.39,GB,1604110491
Muzhi,100,96,35.98,11.23,65.37,64.67,RU,1604110491
Nur,0,90,40.19,2.59,52.67,22.32,PL,1604110491
Nabire,30,62,87.01,4.45,-3.37,135.48,ID,1604110491
Vallenar,0,59,57.45,0.58,-28.57,-70.76,CL,1604110491
Roald,100,76,48.2,12.75,62.58,6.13,NO,1604110492
Ciudad Bolivar,100,78,81.0,11.61,8.12,-63.55,VE,1604110492
Araouane,69,16,81.57,11.1,18.9,-3.53,ML,1604110492
Singaraja,100,80,78.06,4.07,-8.11,115.09,ID,1604110492
Arrondissement de Troyes,40,93,51.8,1.12,48.33,4.08,FR,1604110492
Mandalgovi,100,74,29.35,20.24,45.76,106.27,MN,1604110492
Koror,75,74,84.2,21.92,7.34,134.47,PW,1604110492
Ulaangom,100,88,29.05,1.07,49.98,92.07,MN,1604110493
Sinaloa,20,48,82.4,3.36,25.0,-107.5,MX,1604110493
Thinadhoo,100,74,82.99,9.93,0.53,72.93,MV,1604110299
Port-Gentil,100,86,78.93,11.72,-0.72,8.78,GA,1604110217
Toora-Khem,100,90,25.34,3.11,52.47,96.11,RU,1604110493
Mocuba,0,83,68.85,1.1,-16.84,36.99,MZ,1604110493
Quirinópolis,67,73,74.8,6.89,-18.45,-50.45,BR,1604110493
Leh,21,72,27.99,1.19,34.17,77.58,IN,1604110493
Sabang,100,75,82.17,11.5,5.89,95.32,ID,1604110494
Clive,1,56,44.6,8.05,41.6,-93.72,US,1604110494
Aklavik,97,84,5.0,3.36,68.22,-135.01,CA,1604110283
Sur,0,63,75.06,10.25,22.57,59.53,OM,1604110494
Idrinskoye,100,95,32.94,10.11,54.37,92.14,RU,1604110494
Fare,0,74,79.52,15.52,-16.7,-151.02,PF,1604110494
Inhuma,94,38,80.74,5.06,-6.67,-41.71,BR,1604110418
Kungälv,99,99,50.0,9.42,57.87,11.98,SE,1604110495
Northam,100,91,57.0,15.01,51.03,-4.22,GB,1604110307
Baruun-Urt,26,74,35.87,19.3,46.68,113.28,MN,1604110495
Westerland,64,93,54.0,6.93,54.91,8.3,DE,1604110495
Bowen,75,49,89.6,13.87,-20.02,148.23,AU,1604110495
Port Blair,91,80,82.29,10.36,11.67,92.75,IN,1604110495
Salta,0,45,62.6,5.82,-24.79,-65.41,AR,1604110285
Esperance,0,31,75.2,25.28,-33.87,121.9,AU,1604110496
Palm City,75,69,77.0,11.41,27.17,-80.27,US,1604110496
Naryan-Mar,0,95,32.43,13.87,67.67,53.09,RU,1604110496
Shelburne,2,81,28.0,5.82,44.08,-80.2,CA,1604110496
Diapaga,0,26,78.71,4.07,12.07,1.79,BF,1604110496
Narwar,0,30,66.38,3.94,25.65,77.9,IN,1604110496
Chara,34,84,15.1,1.21,56.91,118.26,RU,1604110497
Nizhnyaya Omka,98,95,34.02,7.9,55.43,74.94,RU,1604110497
Hirara,40,64,78.8,10.29,24.8,125.28,JP,1604110343
Mangan,100,22,75.85,4.07,27.52,88.53,IN,1604110497
Beruwala,100,79,79.74,3.56,6.48,79.98,LK,1604110497
Crotone,26,66,62.29,9.13,39.09,17.12,IT,1604110497
Wanning,73,81,78.28,15.05,18.8,110.4,CN,1604110497
Muhafazat Lahij,0,81,73.08,4.68,13.17,44.58,YE,1604110498
Arrah,20,68,69.8,6.82,25.57,84.67,IN,1604110498
Bemidji,1,80,35.01,13.87,47.47,-94.88,US,1604110367
Cajueiro,92,95,71.8,8.81,-9.72,-36.45,BR,1604110498
Dauphin,1,79,35.6,14.99,51.15,-100.05,CA,1604110298
Adjumani,50,96,65.59,0.47,3.38,31.79,UG,1604110498
Tarakan,96,80,81.77,10.8,3.3,117.63,ID,1604110498
Mormugao,75,94,78.8,4.7,15.4,73.8,IN,1604110498
Beauchamps,0,77,53.01,10.07,50.01,1.52,FR,1604110499
Parsons,1,54,53.6,6.93,37.34,-95.26,US,1604110499
Padang,40,83,78.8,9.17,-0.95,100.35,ID,1604110263
Östersund,100,93,39.99,10.29,63.18,14.64,SE,1604110425
